{
    "name": "Upscaler AuraSR-V2",
    "version": "1.0.0",
    "description": "GAN-based Super-Resolution for upscaling generated images",
    "tab_name": "Upscaler AuraSR-V2",
    "init_function": "initialize",
    "dependencies": ["aura-sr"],
    "language": {
        "fr": {
            "aura_sr_tab": "AuraSR",
            "aura_sr_title": "Amélioration d'image avec AuraSR",
            "image_input": "Image d'entrée",
            "image_output": "Image de sortie",
            "upscale_button": "Améliorer l'image",
            "upscaled_image": "image_améliorée",
            "temps_total_generation": "Temps total de génération",
            "Upscaling_image_with_AuraSR": "Upscale de l'image avec AuraSR..."
          },
        "en": {
            "aura_sr_tab": "AuraSR",
            "aura_sr_title": "Image Enhancement with AuraSR",
            "image_input": "Input Image",
            "image_output": "Output Image",
            "upscale_button": "Enhance Image",
            "upscaled_image": "upscaled_image",
            "temps_total_generation": "Total generation time",
            "Upscaling_image_with_AuraSR": "Upscaling image with AuraSR..."
        }
    }
}
