{
  "name": "Générateur de Batch",
  "version": "0.1.0",
  "description": "Module pour créer et gérer des listes (batches) de tâches de génération d'images.",
  "tab_name": "Batch Generator",
  "init_function": "initialize",
  "dependencies": [],
  "language": {
    "fr": {
      "batch_generator_tab_name": "Générateur de Batch",
      "batch_generator_tab_title": "Générateur de Tâches par Lot",
      "batch_generator_description": "Utilisez cet outil pour préparer une liste de tâches à exécuter en mode batch.",
      "param_section_title": "Paramètres de la Tâche",
      "prompt_label": "Prompt Positif",
      "neg_prompt_label": "Prompt Négatif",
      "batch_translate_prompt_checkbox": "Traduire Prompt en Anglais",
      "batch_translate_prompt_info": "Si coché, le prompt positif sera automatiquement traduit en anglais avant d'être ajouté à la tâche.",
      "steps_label": "Pas",
      "cfg_scale_label": "Échelle CFG",
      "seed_label": "Seed",
      "lora_accordion_title": "LoRAs",
      "lora_checkbox_label": "Utiliser LoRA {}",
      "aucun_lora_disponible": "Aucun LoRA disponible",
      "output_filename_label": "Nom Fichier Sortie (Optionnel)",
      "output_filename_placeholder": "Laisser vide pour nommage auto",
      "add_task_button": "Ajouter Tâche au Batch",
      "batch_list_title": "Liste des Tâches du Batch",
      "generate_json_button": "Générer JSON",
      "clear_batch_button": "Vider Liste Batch",
      "json_output_label": "Sortie JSON Générée",
      "save_filepath_label": "Sauvegarder JSON vers Fichier",
      "save_filepath_placeholder": "Entrez chemin complet, ex: C:\\chemin\\vers\\{}",
      "save_json_button": "Sauvegarder JSON",
      "sampler_not_recognized_warn": "Sampler '{sampler}' non reconnu. Utilisation de Euler par défaut.",
      "prompt_translation_failed_warn": "Échec de la traduction du prompt : {error}. Utilisation du prompt original.",
      "task_added_msg": "Tâche ajoutée avec succès à la liste du batch.",
      "batch_empty_warn": "La liste du batch est vide. Ajoutez des tâches avant de générer le JSON.",
      "batch_cleared_msg": "Liste du batch vidée.",
      "save_filepath_missing_warn": "Veuillez fournir un chemin de fichier pour sauvegarder le JSON.",
      "save_json_empty_warn": "Impossible de sauvegarder un JSON vide. Générez d'abord le JSON.",
      "save_json_success_msg": "JSON sauvegardé avec succès dans : {filepath}",
      "save_json_error_msg": "Erreur lors de la sauvegarde du JSON dans {filepath} : {error}",
      "auto_save_json_success_msg": "JSON sauvegardé automatiquement dans : {filepath}",
      "auto_save_json_error_msg": "Erreur lors de la sauvegarde automatique du JSON vers {path} : {error}"
    },
    "en": {
      "batch_generator_tab_name": "Batch Generator",
      "batch_generator_tab_title": "Batch Task Generator",
      "batch_generator_description": "Use this tool to prepare a list of tasks to be executed in batch mode.",
      "param_section_title": "Task Parameters",
      "prompt_label": "Positive Prompt",
      "neg_prompt_label": "Negative Prompt",
      "batch_translate_prompt_checkbox": "Translate Prompt to English",
      "batch_translate_prompt_info": "If checked, the positive prompt will be automatically translated to English before being added to the task.",
      "steps_label": "Steps",
      "cfg_scale_label": "CFG Scale",
      "seed_label": "Seed",
      "lora_accordion_title": "LoRAs",
      "lora_checkbox_label": "Use LoRA {}",
      "aucun_lora_disponible": "No LoRA available",
      "output_filename_label": "Output Filename (Optional)",
      "output_filename_placeholder": "Leave empty for automatic naming",
      "add_task_button": "Add Task to Batch",
      "batch_list_title": "Batch Task List",
      "generate_json_button": "Generate JSON",
      "clear_batch_button": "Clear Batch List",
      "json_output_label": "Generated JSON Output",
      "save_filepath_label": "Save JSON to File",
      "save_filepath_placeholder": "Enter full path, e.g., C:\\path\\to\\{}",
      "save_json_button": "Save JSON",
      "sampler_not_recognized_warn": "Sampler '{sampler}' not recognized. Falling back to Euler.",
      "prompt_translation_failed_warn": "Prompt translation failed: {error}. Using original prompt.",
      "task_added_msg": "Task successfully added to the batch list.",
      "batch_empty_warn": "Batch list is empty. Add tasks before generating JSON.",
      "batch_cleared_msg": "Batch list cleared.",
      "save_filepath_missing_warn": "Please provide a file path to save the JSON.",
      "save_json_empty_warn": "Cannot save empty JSON. Generate the JSON first.",
      "save_json_success_msg": "JSON successfully saved to: {filepath}",
      "save_json_error_msg": "Error saving JSON to {filepath}: {error}",
      "auto_save_json_success_msg": "JSON automatically saved to: {filepath}",
      "auto_save_json_error_msg": "Error automatically saving JSON to {path}: {error}"
    }
  }
}
