{
    "name": "Civitai Model Downloader",
    "version": "1.0.0",
    "description": "Module to search and download models from Civitai.",
    "tab_name": "Civitai Model Downloader",
    "init_function": "initialize",
    "dependencies": [],
    "author": "cyberbill",
    "module_type": "utility",
    "entry_point": "civitai_downloader_mod.py",
    "language": {
      "fr": {
        "civitai_downloader_tab_name": "Téléchargeur Civitai",
        "civitai_downloader_tab_title": "Parcourir et Télécharger des Modèles Civitai (SDXL)",
        "search_query_label": "Rechercher (nom du modèle)",
        "model_type_label": "Type de Modèle",
        "sort_by_label": "Trier par",
        "period_label": "Période",
        "nsfw_label": "NSFW",
        "limit_label": "Résultats par page",
        "search_button_label": "Rechercher des Modèles",
        "search_results_label": "Résultats de la Recherche",
        "no_models_found": "Aucun modèle trouvé pour les critères actuels.",
        "select_model_prompt": "Sélectionnez un modèle dans les résultats pour voir les détails.",
        "model_details_label": "Détails du Modèle",
        "model_versions_label": "Versions du Modèle",
        "select_version_prompt": "Sélectionnez une version.",
        "model_files_label": "Fichiers de la Version",
        "select_file_prompt": "Sélectionnez un fichier à télécharger.",
        "download_button_label": "Télécharger le Fichier Sélectionné",
        "download_status_label": "Statut du Téléchargement",
        "download_starting": "Début du téléchargement: {filename} vers le dossier {directory}",
        "download_progress": "Téléchargement : {filename} - {percent:.2f}% ({current_size}/{total_size})",
        "download_complete": "Téléchargement terminé : {filepath}",
        "download_failed": "Échec du téléchargement : {error}",
        "error_fetching_models": "Erreur lors de la récupération des modèles depuis Civitai : {error}",
        "error_fetching_model_details": "Erreur lors de la récupération des détails du modèle : {error}",
        "error_no_model_selected": "Veuillez d'abord sélectionner un modèle.",
        "error_no_version_selected": "Veuillez sélectionner une version du modèle.",
        "error_no_file_selected": "Veuillez sélectionner un fichier à télécharger.",
        "confirm_download_model": "Modèle : {model_name}\nVersion : {version_name}\nFichier : {file_name}\nTaille : {file_size_kb} KB\n\nConfirmer le téléchargement ?",
        "api_key_label": "Clé API Civitai (Optionnel)",
        "api_key_info": "Requis pour certaines fonctionnalités (ex: contenu NSFW, taux de requêtes plus élevés).",
        "civitai_api_key_placeholder_notice": "Vous utilisez la clé API Civitai par défaut. Pour un accès complet (par exemple, contenu NSFW selon vos paramètres, meilleurs taux de requêtes), veuillez entrer votre propre clé API Civitai. Vous pouvez en obtenir une sur civitai.com après vous être connecté.",
        "sdxl_filter_label": "Filtrer pour SDXL (tag 'sdxl')",
        "all_types": "Tous les types",
        "checkpoint_type": "Checkpoint",
        "lora_type": "LORA",
        "textual_inversion_type": "Textual Inversion",
        "hypernetwork_type": "Hypernetwork",
        "controlnet_type": "Controlnet",
        "sort_highest_rated": "Mieux Notés",
        "sort_most_downloaded": "Plus Téléchargés",
        "sort_newest": "Plus Récents",
        "period_alltime": "Toujours",
        "period_year": "Année",
        "period_month": "Mois",
        "period_week": "Semaine",
        "period_day": "Jour",
        "nsfw_none": "Aucun (Safe)",
        "nsfw_soft": "Soft",
        "nsfw_mature": "Mature",
        "nsfw_x": "X",
        "nsfw_all": "Tous",
        "page_display": "Page {current}/{total}",
        "previous_page": "Précédent",
        "next_page": "Suivant",
        "model_type_Checkpoint": "Checkpoint",
        "model_type_LORA": "LORA",
        "model_type_TextualInversion": "TextualInversion",
        "model_type_Hypernetwork": "Hypernetwork",
        "model_type_Controlnet": "Controlnet",
        "model_type_AestheticGradient": "AestheticGradient",
        "model_type_Poses": "Poses",
        "unknown_model_type_save_path": "Type de modèle inconnu '{model_type}'. Sauvegarde dans le dossier par défaut des modèles.",
        "target_directory_created": "Dossier cible créé : {path}",
        "file_already_exists": "Le fichier {filename} existe déjà dans {directory}. Téléchargement annulé.",
        "unsupported_model_type_for_download": "Le type de modèle '{model_type}' n'est pas actuellement supporté pour le téléchargement automatique de dossier.",
        "error_creating_directory": "Erreur lors de la création du dossier : {directory} : {error}",
        "error_civitai_json_decode": "Erreur de décodage JSON de la réponse Civitai : {error}",
        "not_available_abbreviation": "N/D",
        "model_card_creator_prefix": "Par :",
        "model_card_stats_downloads_prefix": "DLs :",
        "model_card_stats_separator": "|",
        "model_card_stats_rating_prefix": "Note :",
        "error_model_not_found_details": "Erreur : Modèle non trouvé dans les résultats de recherche actuels.",
        "file_info_format_string": "{name} ({size_kb:.2f} Ko, Type : {type})",
        "error_file_not_found_in_model_warn": "Fichier '{filename}' non trouvé dans les détails du modèle sélectionné.",
        "error_file_not_found_in_model_return": "Erreur : Fichier '{filename}' non trouvé.",
        "error_download_url_missing_warn": "URL de téléchargement non trouvée pour ce fichier/cette version.",
        "error_download_url_missing_return": "Erreur : URL de téléchargement manquante.",
        "error_cannot_determine_save_folder": "Erreur : Impossible de déterminer le dossier de sauvegarde.",
        "download_error_see_logs": "Consultez la console/les logs pour plus de détails.",
        "page_info_label": "Informations Page",
        "model_type_VAE": "VAE", 
        "model_type_DoRA": "DoRA",
        "view_details_button": "Voir les détails" 
      },
      "en": {
        "civitai_downloader_tab_name": "Civitai Downloader",
        "civitai_downloader_tab_title": "Browse and Download Civitai Models (SDXL)",
        "search_query_label": "Search (model name)",
        "model_type_label": "Model Type",
        "sort_by_label": "Sort by",
        "period_label": "Period",
        "nsfw_label": "NSFW",
        "limit_label": "Results per page",
        "search_button_label": "Search Models",
        "search_results_label": "Search Results",
        "no_models_found": "No models found for the current criteria.",
        "select_model_prompt": "Select a model from the results to see details.",
        "model_details_label": "Model Details",
        "model_versions_label": "Model Versions",
        "select_version_prompt": "Select a version.",
        "model_files_label": "Version Files",
        "select_file_prompt": "Select a file to download.",
        "download_button_label": "Download Selected File",
        "download_status_label": "Download Status",
        "download_starting": "Starting download: {filename} to folder {directory}",
        "download_progress": "Downloading: {filename} - {percent:.2f}% ({current_size}/{total_size})",
        "download_complete": "Download complete: {filepath}",
        "download_failed": "Download failed: {error}",
        "error_fetching_models": "Error fetching models from Civitai: {error}",
        "error_fetching_model_details": "Error fetching model details: {error}",
        "error_no_model_selected": "Please select a model first.",
        "error_no_version_selected": "Please select a model version.",
        "error_no_file_selected": "Please select a file to download.",
        "confirm_download_model": "Model: {model_name}\nVersion: {version_name}\nFile: {file_name}\nSize: {file_size_kb} KB\n\nConfirm download?",
        "api_key_label": "Civitai API Key (Optional, for more requests/NSFW)",
        "civitai_api_key_placeholder_notice": "You are using the default Civitai API key. For full access (e.g., NSFW content according to your settings, better request rates), please enter your own Civitai API key. You can get one from civitai.com after logging in.",
        "api_key_info": "Get an API key from your Civitai account to increase rate limits and access content according to your account settings.",
        "sdxl_filter_label": "Filter for SDXL (tag 'sdxl')",
        "all_types": "All Types",
        "checkpoint_type": "Checkpoint",
        "lora_type": "LORA",
        "textual_inversion_type": "Textual Inversion",
        "hypernetwork_type": "Hypernetwork",
        "controlnet_type": "Controlnet",
        "sort_highest_rated": "Highest Rated",
        "sort_most_downloaded": "Most Downloaded",
        "sort_newest": "Newest",
        "period_alltime": "All Time",
        "period_year": "Year",
        "period_month": "Month",
        "period_week": "Week",
        "period_day": "Day",
        "nsfw_none": "None (Safe)",
        "nsfw_soft": "Soft",
        "nsfw_mature": "Mature",
        "nsfw_x": "X",
        "nsfw_all": "All",
        "page_display": "Page {current}/{total}",
        "previous_page": "Previous",
        "next_page": "Next",
        "model_type_Checkpoint": "Checkpoint",
        "model_type_LORA": "LORA",
        "model_type_TextualInversion": "TextualInversion",
        "model_type_Hypernetwork": "Hypernetwork",
        "model_type_Controlnet": "Controlnet",
        "model_type_AestheticGradient": "AestheticGradient",
        "model_type_Poses": "Poses",
        "unknown_model_type_save_path": "Unknown model type '{model_type}'. Saving to default models folder.",
        "target_directory_created": "Target directory created: {path}",
        "file_already_exists": "File {filename} already exists in {directory}. Download cancelled.",
        "unsupported_model_type_for_download": "Model type '{model_type}' is not currently supported for automatic folder download.",
        "error_creating_directory": "Error creating directory: {directory}: {error}",
        "error_civitai_json_decode": "JSON decoding error from Civitai response: {error}",
        "not_available_abbreviation": "N/A",
        "model_card_creator_prefix": "By:",
        "model_card_stats_downloads_prefix": "DLs:",
        "model_card_stats_separator": "|",
        "model_card_stats_rating_prefix": "Rating:",
        "error_model_not_found_details": "Error: Model not found in current search results.",
        "file_info_format_string": "{name} ({size_kb:.2f} KB, Type: {type})",
        "error_file_not_found_in_model_warn": "File '{filename}' not found in selected model details.",
        "error_file_not_found_in_model_return": "Error: File '{filename}' not found.",
        "error_download_url_missing_warn": "Download URL not found for this file/version.",
        "error_download_url_missing_return": "Error: Download URL missing.",
        "error_cannot_determine_save_folder": "Error: Cannot determine save folder.",
        "download_error_see_logs": "Check console/logs for more details.",
        "page_info_label": "Page Information",
        "model_type_VAE": "VAE",
        "model_type_DoRA": "DoRA",
        "view_details_button": "View Details"
      }
    }
  }
  