{
    "module_name": "ImageWatermark",
    "version": "1.0",
    "description": "Module to add text or image watermarks to images.",
    "tab_name": "Watermark",
    "init_function": "initialize",
    "dependencies": [],
    "language": {
        "fr": {
            "watermark_tab": "Filigrane",
            "watermark_title": "Ajouter un Filigrane",
            "input_mode_label": "Mode d'entrée",
            "input_mode_single": "Image Unique",
            "input_mode_batch": "Lot (Dossier)",
            "input_folder_label": "Dossier d'entrée",
            "output_folder_label": "Dossier de sortie",
            "image_input_label": "Image d'entrée",
            "watermark_type_label": "Type de filigrane",
            "watermark_type_text": "Texte",
            "watermark_type_image": "Image",
            "text_content_label": "Texte du filigrane",
            "text_font_label": "Police",
            "text_size_label": "Taille du texte",
            "text_color_label": "Couleur du texte",
            "image_upload_watermark_label": "Image du filigrane",
            "image_scale_label": "Échelle du filigrane (%)",
            "opacity_label": "Opacité (0-100%)",
            "position_label": "Position",
            "position_top_left": "Haut Gauche",
            "position_top_right": "Haut Droit",
            "position_bottom_left": "Bas Gauche",
            "position_bottom_right": "Bas Droit",
            "position_center": "Centre",
            "position_tile": "Mosaïque",
            "margin_label": "Marge (pixels)",
            "rotation_label": "Rotation (degrés)",
            "apply_button": "Appliquer le Filigrane",
            "output_image_label": "Image avec Filigrane / Statut du Lot",
            "error_no_image": "Veuillez fournir une image principale.",
            "error_no_watermark_text": "Veuillez entrer un texte pour le filigrane.",
            "error_no_watermark_image": "Veuillez téléverser une image pour le filigrane.",
            "error_no_input_folder": "Veuillez spécifier un dossier d'entrée pour le traitement par lot.",
            "error_no_output_folder": "Veuillez spécifier un dossier de sortie pour le traitement par lot.",
            "error_input_folder_not_found": "Le dossier d'entrée spécifié n'existe pas.",
            "error_output_folder_not_creatable": "Impossible de créer le dossier de sortie.",
            "processing_watermark": "Application du filigrane...",
            "batch_processing_start": "Démarrage du traitement par lot...",
            "batch_processing_image_x_of_y": "Traitement de l'image {current} sur {total}: {filename}",
            "batch_processing_complete": "Traitement par lot terminé. {count} images traitées.",
            "batch_no_images_found": "Aucune image compatible trouvée dans le dossier d'entrée.",
            "success_watermark": "Filigrane appliqué avec succès."
        },
        "en": {
            "watermark_tab": "Watermark",
            "watermark_title": "Add Watermark",
            "input_mode_label": "Input Mode",
            "input_mode_single": "Single Image",
            "input_mode_batch": "Batch (Folder)",
            "input_folder_label": "Input Folder",
            "output_folder_label": "Output Folder",
            "image_input_label": "Input Image",
            "watermark_type_label": "Watermark Type",
            "watermark_type_text": "Text",
            "watermark_type_image": "Image",
            "text_content_label": "Watermark Text",
            "text_font_label": "Font",
            "text_size_label": "Text Size",
            "text_color_label": "Text Color",
            "image_upload_watermark_label": "Watermark Image",
            "image_scale_label": "Watermark Scale (%)",
            "opacity_label": "Opacity (0-100%)",
            "position_label": "Position",
            "position_top_left": "Top Left",
            "position_top_right": "Top Right",
            "position_bottom_left": "Bottom Left",
            "position_bottom_right": "Bottom Right",
            "position_center": "Center",
            "position_tile": "Tile",
            "margin_label": "Margin (pixels)",
            "rotation_label": "Rotation (degrees)",
            "apply_button": "Apply Watermark",
            "output_image_label": "Watermarked Image / Batch Status",
            "error_no_image": "Please provide a main image.",
            "error_no_watermark_text": "Please enter text for the watermark.",
            "error_no_watermark_image": "Please upload an image for the watermark.",
            "error_no_input_folder": "Please specify an input folder for batch processing.",
            "error_no_output_folder": "Please specify an output folder for batch processing.",
            "error_input_folder_not_found": "The specified input folder does not exist.",
            "error_output_folder_not_creatable": "Could not create the output folder.",
            "processing_watermark": "Applying watermark...",
            "batch_processing_start": "Starting batch processing...",
            "batch_processing_image_x_of_y": "Processing image {current} of {total}: {filename}",
            "batch_processing_complete": "Batch processing complete. {count} images processed.",
            "batch_no_images_found": "No compatible images found in the input folder.",
            "success_watermark": "Watermark applied successfully."
        }
    }
}
