{
    "module_name": "ImageEnhancement",
    "version": "1.0",
    "description": "Module for various image enhancement tasks like colorization, upscaling, restoration, and auto retouching.",
    "tab_name": "Image Enhancement",
    "init_function": "initialize",
    "dependencies": [],
    "language": {
        "fr": {
            "enhancement_tab": "Amélioration Image",
            "enhancement_title": "Amélioration d'image",
            "image_input": "Image d'entrée",
            "task_choice": "Choisir une tâche",
            "task_colorize": "Colorisation",
            "task_upscale": "Upscale (4x)",
            "task_restore": "Restauration",
            "task_retouch": "Retouche Auto",
            "process_button": "Traiter l'image",
            "image_output": "Image de sortie",
            "error_no_image": "Veuillez fournir une image.",
            "error_no_task": "Veuillez sélectionner une tâche.",
            "processing_image": "Traitement de l'image...",
            "executing_model": "Exécution {model_name}...",
            "dechargement_modele_principal": "Déchargement du modèle principal...",
            "modele_principal_decharge": "Modèle principal déchargé.",
            "aucun_modele_principal_a_decharger": "Aucun modèle principal à décharger.",
            "sauvegarde_image": "Sauvegarde de l'image...",
            "temps_total_generation": "Temps total de génération",
            "success_processing": "Image traitée et sauvegardée avec succès",
            "error_processing": "Une erreur s'est produite lors du traitement de l'image",
            "loading_model": "Chargement du modèle {model_name}...",
            "unloading_model": "Déchargement du modèle {model_name}...",
            "model_unloaded": "Modèle {model_name} déchargé.",
            "colorization_start": "Lancement de la colorisation (ModelScope)...",
            "image_not_rgb": "Image d'entrée n'est pas RGB (shape: {shape}). Tentative de conversion.",
            "modelscope_pipeline_error": "Erreur pendant l'exécution du pipeline ModelScope: {error}",
            "upscale_start_diffusers": "Lancement de l'upscale 4x (Diffusers LDM)...",
            "converting_to_rgb_diffusers": "Conversion de l'image en RGB pour Diffusers...",
            "diffusers_output_not_pil": "Format de sortie inattendu du pipeline Diffusers: {type}",
            "diffusers_pipeline_error": "Erreur pendant l'exécution du pipeline Diffusers: {error}",
            "unsupported_input_format": "Format d'image d'entrée non supporté.",
            "invalid_scale_factor": "Facteur d'échelle invalide: {factor}",
            "unsupported_scale_factor": "Facteur d'échelle non supporté: {factor}",
            "unsupported_scale_combination": "Combinaison d'échelle non supportée (demandé: {req_factor}x, modèle: {model_factor}x).",
            "restoration_start_onerestore": "Démarrage de la restauration avec OneRestore...",
            "onerestore_embedder_not_found": "Fichier checkpoint Embedder OneRestore non trouvé: {path}",
            "onerestore_restorer_not_found": "Fichier checkpoint Restorer OneRestore non trouvé: {path}",
            "onerestore_grayscale_input": "Image d'entrée en niveaux de gris détectée, conversion en RGB.",
            "onerestore_rgba_input": "Image d'entrée RGBA détectée, conversion en RGB.",
            "onerestore_detected_degradation": "Dégradation détectée par OneRestore: {degradation}",
            "onerestore_pipeline_error": "Erreur lors de l'exécution du pipeline OneRestore: {error}",
            "retouch_start": "Lancement de la retouche auto...",
            "retouch_simple_error": "Erreur lors de la retouche simple: {error}"
        },
        "en": {
            "enhancement_tab": "Image Enhancement",
            "enhancement_title": "Image Enhancement",
            "image_input": "Input Image",
            "task_choice": "Choose a task",
            "task_colorize": "Colorization",
            "task_upscale": "Upscale (4x)",
            "task_restore": "Restoration",
            "task_retouch": "Auto Retouch",
            "process_button": "Process Image",
            "image_output": "Output Image",
            "error_no_image": "Please provide an image.",
            "error_no_task": "Please select a task.",
            "processing_image": "Processing image...",
            "executing_model": "Executing {model_name}...",
            "dechargement_modele_principal": "Unloading main model...",
            "modele_principal_decharge": "Main model unloaded.",
            "aucun_modele_principal_a_decharger": "No main model to unload.",
            "sauvegarde_image": "Saving image...",
            "temps_total_generation": "Total generation time",
            "success_processing": "Image processed and saved successfully",
            "error_processing": "An error occurred while processing the image",
            "loading_model": "Loading model {model_name}...",
            "unloading_model": "Unloading model {model_name}...",
            "model_unloaded": "Model {model_name} unloaded.",
            "colorization_start": "Starting colorization (ModelScope)...",
            "image_not_rgb": "Input image is not RGB (shape: {shape}). Attempting conversion.",
            "modelscope_pipeline_error": "Error during ModelScope pipeline execution: {error}",
            "upscale_start_diffusers": "Starting 4x upscale (Diffusers LDM)...",
            "converting_to_rgb_diffusers": "Converting image to RGB for Diffusers...",
            "diffusers_output_not_pil": "Unexpected output format from Diffusers pipeline: {type}",
            "diffusers_pipeline_error": "Error during Diffusers pipeline execution: {error}",
            "unsupported_input_format": "Unsupported input image format.",
            "invalid_scale_factor": "Invalid scale factor: {factor}",
            "unsupported_scale_factor": "Unsupported scale factor: {factor}",
            "unsupported_scale_combination": "Unsupported scale combination (requested: {req_factor}x, model: {model_factor}x).",
            "restoration_start_onerestore": "Starting restoration with OneRestore...",
            "onerestore_embedder_not_found": "OneRestore Embedder checkpoint file not found: {path}",
            "onerestore_restorer_not_found": "OneRestore Restorer checkpoint file not found: {path}",
            "onerestore_grayscale_input": "Grayscale input image detected, converting to RGB.",
            "onerestore_rgba_input": "RGBA input image detected, converting to RGB.",
            "onerestore_detected_degradation": "OneRestore detected degradation: {degradation}",
            "onerestore_pipeline_error": "Error during OneRestore pipeline execution: {error}",
            "retouch_start": "Starting auto retouch...",
            "retouch_simple_error": "Error during simple retouch: {error}"
        }
    }
}