{
    "name": "Photo Editing Module",
    "version": "1.0.0",
    "description": "Module pour la retouche d'image.",
    "tab_name": "retouche_image",
    "dependencies": [],
    "language": {
        "fr": {
            "retouche_image": "Retouche d'image",
            "selectionner_une_image": "Sélectionner une image",
            "apercu_des_modifications": "Aperçu des modifications",
            "Transformations": "Transformations",
            "angle_de_rotation_90": "Angle de rotation (par pas de 90°)",
            "type_de_miroir": "Type de miroir",
            "filtre_special": "Filtre spécial",
            "Retouche_simples": "Retouches simples",
            "contraste": "Contraste",
            "saturation": "Saturation",
            "intensite_des_couleurs": "Intensité des couleurs",
            "rayon_de_flou": "Rayon de flou",
            "facteur_de_nettete": "Facteur de netteté",
            "noir_et_blanc": "Noir et blanc",
            "vibrance": "Vibrance",
            "teinte": "Teinte",
            "courbes": "Courbes",
            "point_courbe_1": "Point courbe 1",
            "point_courbe_2": "Point courbe 2",
            "point_courbe_3": "Point courbe 3",
            "nettete_adaptative": "Netteté adaptative",
            "rayon_flou": "Rayon de flou",
            "pourcentage_nettete": "Pourcentage de netteté",
            "seuil_difference": "Seuil de différence",
            "bruit": "Bruit",
            "quantite_bruit": "Quantité de bruit",
            "degrade_couleur": "Dégradé de couleur",
            "activer_degrade": "Activer le dégradé",
            "angle_degrade": "Angle du dégradé",
            "couleur1": "Couleur 1",
            "couleur2": "Couleur 2",
            "decalage_couleur": "Décalage de couleur",
            "decalage_rouge": "Décalage rouge",
            "decalage_vert": "Décalage vert",
            "decalage_bleu": "Décalage bleu",
            "erreur_image_invalide": "Erreur : image invalide"
        },
        "en": {
            "retouche_image": "Image Editing",
            "selectionner_une_image": "Select an image",
            "apercu_des_modifications": "Preview of modifications",
            "Transformations": "Transformations",
            "angle_de_rotation_90": "Rotation angle (90° steps)",
            "type_de_miroir": "Mirror type",
            "filtre_special": "Special filter",
            "Retouche_simples": "Simple retouching",
            "contraste": "Contrast",
            "saturation": "Saturation",
            "intensite_des_couleurs": "Color intensity",
            "rayon_de_flou": "Blur radius",
            "facteur_de_nettete": "Sharpness factor",
            "noir_et_blanc": "Black and white",
            "vibrance": "Vibrance",
            "teinte": "Hue",
            "courbes": "Curves",
            "point_courbe_1": "Curve point 1",
            "point_courbe_2": "Curve point 2",
            "point_courbe_3": "Curve point 3",
            "nettete_adaptative": "Adaptive sharpness",
            "rayon_flou": "Blur radius",
            "pourcentage_nettete": "Sharpness percentage",
            "seuil_difference": "Difference threshold",
            "bruit": "Noise",
            "quantite_bruit": "Noise amount",
            "degrade_couleur": "Color gradient",
            "activer_degrade": "Activate gradient",
            "angle_degrade": "Gradient angle",
            "couleur1": "Color 1",
            "couleur2": "Color 2",
            "decalage_couleur": "Color shift",
            "decalage_rouge": "Red shift",
            "decalage_vert": "Green shift",
            "decalage_bleu": "Blue shift",
            "erreur_image_invalide": "Invalid image error"
        }
    }
}
