{
    "name": "RemBG",
    "version": "1.0.0",
    "description": "Rembg remove images background (https://github.com/danielgatis/rembg?tab=readme-ov-file)",
    "tab_name": "Remove images background",
    "init_function": "initialize",
    "dependencies": ["onnxruntime-gpu","rembg[gpu]"],
    "language": {
        "fr": {
            "aura_sr_tab": "RemBG",
            "rembr_sr_title": "Suppression de fond avec Rembr",
            "image_input": "Image d'entrée",
            "image_output": "Image de sortie",
            "remove_bg_button": "Supprimer le fond",
            "rm_bg_image": "image_sans_fond",
            "temps_total_generation": "Temps total de génération",
            "erreur_pas_image":"Il n'y a pas d'image à traiter, merci d'uploader une image",
            "erreur_config_globale_non_recue": "Erreur: La configuration globale n'a pas été reçue par le module {}.",
            "rembg_tab": "Retrait Fond",
            "rembg_title": "Retirer l'arrière-plan d'une image",
            "erreur_config_globale_non_dispo": "Erreur: La configuration globale n'est pas disponible.",
            "erreur_chemin_sauvegarde_non_defini": "Erreur: Le chemin de sauvegarde (SAVE_DIR) n'est pas défini dans la configuration.",
            "image_sans_fond": "image_sans_fond",
            "temps_total_traitement": "Temps total de traitement",
            "erreur_remove_bg": "Erreur lors du retrait de l'arrière-plan",
            "dechargement_modele_principal_avant_rembg": "Déchargement du modèle SDXL principal avant RemBG...",
            "debut_remove_bg": "Début du retrait de l'arrière-plan...",
            "nettoyage_memoire_apres_rembg": "Nettoyage mémoire après RemBG...",
            "erreur_lib_rembg": "Erreur lors de l'utilisation de la librairie rembg"
          },
        "en": {
            "aura_sr_tab": "RemBG",
            "rembr_sr_title": "Background removal with Rembr",
            "image_input": "Input image",
            "image_output": "Output image",
            "rm_bg_image": "background_removed_image",
            "temps_total_generation": "Total generation time",
            "erreur_pas_image": "There is no image to process, please upload an image",
            "erreur_config_globale_non_recue": "Error: Global configuration was not received by the {} module.",
            "rembg_tab": "Remove BG",
            "rembg_title": "Remove image background",
            "remove_bg_button": "Remove Background",
            "erreur_config_globale_non_dispo": "Error: Global configuration is not available.",
            "erreur_chemin_sauvegarde_non_defini": "Error: Save path (SAVE_DIR) is not defined in the configuration.",
            "image_sans_fond": "image_no_background",
            "temps_total_traitement": "Total processing time",
            "erreur_remove_bg": "Error during background removal",
            "dechargement_modele_principal_avant_rembg": "Unloading main SDXL model before RemBG...",
            "debut_remove_bg": "Starting background removal...",
            "nettoyage_memoire_apres_rembg": "Cleaning memory after RemBG...",
            "erreur_lib_rembg": "Error using the rembg library"
        }
    }
}
