{
    "name": "Sana Sprint Generator",
    "version": "1.0",
    "description": "Module pour générer des images avec le modèle Sana Sprint.",
    "author": "CyberBill",
    "init_function": "initialize",
    "dependencies": [],
    "language": {
        "fr": {
            "sana_tab_name": "⚡ Sana Sprint",
            "sana_tab_title": "Génération avec Sana Sprint",
            "sana_model_status": "Statut du modèle Sana Sprint",
            "sana_model_not_loaded": "Modèle Sana Sprint non chargé.",
            "sana_loading_model": "Chargement du modèle Sana Sprint...",
            "sana_model_loaded": "Modèle Sana Sprint chargé.",
            "sana_load_button": "Charger le modèle Sana Sprint",
            "sana_prompt_label": "Prompt",
            "sana_prompt_info": "Décrivez l'image que vous souhaitez générer.",
            "sana_prompt_placeholder": "Ex: un petit astronaute sortant d'un œuf sur la lune",
            "sana_steps_label": "Étapes (Steps)",
            "sana_generate_button": "Générer avec Sana Sprint",
            "sana_error_loading": "Erreur lors du chargement du modèle Sana Sprint",
            "sana_error_generation": "Erreur lors de la génération avec Sana Sprint",
            "sana_error_no_model": "Erreur: Le modèle Sana Sprint n'est pas chargé.",
            "sana_error_no_prompt": "Erreur: Veuillez entrer un prompt.",
            "sana_generation_start": "Démarrage de la génération Sana Sprint...",
            "sana_generation_complete": "Génération Sana Sprint terminée en {time} sec",
            "sana_generation_stopped": "Génération Sana Sprint arrêtée.",
            "traduire_en_anglais": "Traduire en anglais",
            "traduire_prompt_libre":"Traduire le prompt français en anglais",
            "nombre_images":"Nombre d'image à produire",
            "output_image": "Sortie Image(s)",
            "arreter": "Arrêter",
            "selectionner_styles": "Sélectionner des styles",
            "selectionner_styles_info":"Mélanger des styles pour personnaliser votre image",
            "preparation": "Préparation",
            "generation_arretee": "Génération arrêtée",
            "image": "Image",
            "generer_en": "générée en",
            "batch_complete": "Génération de {num_images} images terminée en {time} sec",
            "sana_generating_prompt_from_image": "Génération du prompt à partir de l'image pour Sana Sprint...",
            "stop_requested": "Arrêt demandé"
        },
        "en": {
            "sana_tab_name": "⚡ Sana Sprint",
            "sana_tab_title": "Sana Sprint Generation",
            "sana_model_status": "Sana Sprint Model Status",
            "sana_model_not_loaded": "Sana Sprint model not loaded.",
            "sana_loading_model": "Loading Sana Sprint model...",
            "sana_model_loaded": "Sana Sprint model loaded.",
            "sana_load_button": "Load Sana Sprint Model",
            "sana_prompt_label": "Prompt",
            "sana_prompt_info": "Describe the image you want to generate.",
            "sana_prompt_placeholder": "E.g.: a tiny astronaut hatching from an egg on the moon",
            "sana_steps_label": "Steps",
            "sana_generate_button": "Generate with Sana Sprint",
            "sana_error_loading": "Error loading Sana Sprint model",
            "sana_error_generation": "Error during Sana Sprint generation",
            "sana_error_no_model": "Error: Sana Sprint model is not loaded.",
            "sana_error_no_prompt": "Error: Please enter a prompt.",
            "sana_generation_start": "Starting Sana Sprint generation...",
            "sana_generation_complete": "Sana Sprint generation finished in {time} sec",
            "sana_generation_stopped": "Sana Sprint generation stopped.",
            "traduire_en_anglais": "Translate to English",
            "traduire_prompt_libre": "Translate French prompt to English",
            "nombre_images": "Number of images to produce",
            "output_image": "Output Image",
            "arreter": "Stop",
            "selectionner_styles": "Select styles",
            "selectionner_styles_info": "Mix styles to customize your image",
            "preparation": "Preparing",
            "generation_arretee": "Generation stopped",
            "image": "Image",
            "generer_en": "generated in",
            "batch_complete": "Batch generation of {num_images} images finished in {time} sec",
            "sana_generating_prompt_from_image": "Generating prompt from image for Sana Sprint...",
            "stop_requested": "Stop requested"
        }
    }
}