{
    "name": "RemBG",
    "version": "1.0.0",
    "description": "Rembg remove images background (https://github.com/danielgatis/rembg?tab=readme-ov-file)",
    "tab_name": "Remove images background",
    "init_function": "initialize",
    "dependencies": ["onnxruntime-gpu","rembg[gpu]"],
    "language": {
        "fr": {
            "aura_sr_tab": "RemBG",
            "rembr_sr_title": "Suppression de fond avec Rembr",
            "image_input": "Image d'entrée",
            "image_output": "Image de sortie",
            "remove_bg_button": "Supprimer le fond",
            "rm_bg_image": "image_sans_fond",
            "temps_total_generation": "Temps total de génération",
            "erreur_pas_image":"Il n'y a pas d'image à traiter, merci d'uploader une image"
          },
        "en": {
            "aura_sr_tab": "RemBG",
            "rembr_sr_title": "Background removal with Rembr",
            "image_input": "Input image",
            "image_output": "Output image",
            "remove_bg_button": "Remove background",
            "rm_bg_image": "background_removed_image",
            "temps_total_generation": "Total generation time",
            "erreur_pas_image": "There is no image to process, please upload an image"
        }
    }
}
